{
  "user_id": "2c6c8e95-286a-4217-9640-258db4f92054_2026-01-23_10-47",
  "num_samples": 627,
  "embedding_dim": 384,
  "best_val_loss": 0.3922537565231323,
  "train_mae": 0.3752940812700255,
  "val_mae": 0.5377431414755327,
  "per_class_val_mae": {
    "-1.0": 0.5134564076426876,
    "0.0": 0.4151000758012136,
    "1.0": 0.9758270551952032
  }
}